{
  "6c9d257b-18e1-4635-96dd-810768ea127f": {
    "job_id": "6c9d257b-18e1-4635-96dd-810768ea127f",
    "model_type": "pointnet",
    "status": "completed",
    "progress": 100.0,
    "current_epoch": 24,
    "total_epochs": 120,
    "metrics": {
      "train_loss": [
        1.8363342434167862,
        1.0288193722565968,
        0.6747204388181368,
        0.5003057318843074,
        0.3715386920160166,
        0.32439136750030295,
        0.26280249475880907,
        0.23280576071529477,
        0.2097025743978857,
        0.18080188205500167,
        0.10566023547478297,
        0.09379255050077552,
        0.1217927599381828,
        0.09184606431733335,
        0.07353181062865553,
        0.08723422636696207,
        0.046693900560192694,
        0.04306190810705259,
        0.04929280624060926,
        0.07283777383660588,
        0.0412291369985151,
        0.051258830819278955,
        0.03665569643554692,
        0.02408341635223392
      ],
      "train_acc": [
        0.26753623188405795,
        0.5784057971014493,
        0.7295652173913044,
        0.8084057971014492,
        0.8565217391304348,
        0.8802898550724637,
        0.9026086956521739,
        0.9153623188405797,
        0.9243478260869565,
        0.9389855072463769,
        0.966376811594203,
        0.9694202898550724,
        0.9595652173913044,
        0.9697101449275363,
        0.9755072463768115,
        0.971304347826087,
        0.986086956521739,
        0.9857971014492753,
        0.9853623188405797,
        0.9756521739130435,
        0.9862318840579709,
        0.9842028985507247,
        0.9889855072463769,
        0.9930434782608696
      ],
      "val_loss": [
        2.682305715765272,
        2.3186120742133687,
        1.2950652897357942,
        0.9976574336045555,
        1.5685636222362518,
        1.2144393988685416,
        1.2650891167311265,
        2.345604406232347,
        1.5451845051471278,
        1.5414007910161411,
        1.4086914527662364,
        1.2863554917084652,
        1.4614178934593969,
        2.22767290226267,
        1.6451968778777102,
        1.3653128296718933,
        1.308803925660946,
        1.651165710148468,
        1.1701153833169624,
        1.278551222441352,
        1.5052628212400512,
        2.2759860447982128,
        1.1464546440011223,
        1.1453754650254269
      ],
      "val_acc": [
        0.13636363636363635,
        0.27636363636363637,
        0.6136363636363636,
        0.7636363636363636,
        0.52,
        0.6427272727272727,
        0.6609090909090909,
        0.5227272727272727,
        0.6809090909090909,
        0.7036363636363636,
        0.6536363636363636,
        0.7145454545454545,
        0.6954545454545454,
        0.5809090909090909,
        0.6881818181818181,
        0.7218181818181819,
        0.6754545454545454,
        0.6172727272727273,
        0.7727272727272727,
        0.7,
        0.7145454545454545,
        0.5036363636363637,
        0.8045454545454546,
        0.760909090909091
      ]
    },
    "best_val_acc": 0.8045454545454546,
    "start_time": "2025-11-23T01:05:07.812166",
    "end_time": "2025-11-23T01:21:16.326055",
    "error": null,
    "model_path": "results/checkpoints/pointnet/model_best.pth"
  },
  "32b40615-ee17-4199-a7f0-f686ee1de5f3": {
    "job_id": "32b40615-ee17-4199-a7f0-f686ee1de5f3",
    "model_type": "pointnet",
    "status": "completed",
    "progress": 100.0,
    "current_epoch": 26,
    "total_epochs": 120,
    "metrics": {
      "train_loss": [
        1.787889689207077,
        0.9145842055203738,
        0.5647801138046715,
        0.419802183078395,
        0.3197832287254709,
        0.2970094096639918,
        0.20562136695823735,
        0.19903074559341702,
        0.2042048718538825,
        0.18641571597955017,
        0.14006219146755972,
        0.13723722473218072,
        0.08449423942861527,
        0.072483718638843,
        0.08598145744030329,
        0.07902742494156377,
        0.0879692651193451,
        0.06794113537331146,
        0.043321302966365625,
        0.041528836967363196,
        0.05648613887347488,
        0.03826414658450866,
        0.04227812290385676,
        0.05321653090801125,
        0.03646222921627298,
        0.03040389184132908
      ],
      "train_acc": [
        0.29159420289855076,
        0.6313043478260869,
        0.7795652173913044,
        0.8423188405797102,
        0.8852173913043478,
        0.8930434782608695,
        0.9253623188405797,
        0.9310144927536231,
        0.9307246376811594,
        0.9356521739130435,
        0.9514492753623189,
        0.9556521739130435,
        0.9701449275362318,
        0.9765217391304348,
        0.9718840579710145,
        0.9746376811594203,
        0.972463768115942,
        0.9772463768115942,
        0.9853623188405797,
        0.9884057971014493,
        0.9814492753623189,
        0.9882608695652173,
        0.9869565217391305,
        0.983623188405797,
        0.988695652173913,
        0.9905797101449275
      ],
      "val_loss": [
        1.652200037240982,
        1.4894832451428686,
        1.5652200950974864,
        1.569394843819152,
        1.8793935299451863,
        1.2423495244234801,
        1.4327213178866909,
        1.9467285323073156,
        2.170079624435831,
        1.6741126223533813,
        3.6369061334324733,
        2.0362377662972513,
        1.7661682946474424,
        1.9040171544458384,
        1.4765540348482318,
        2.235214513851887,
        1.7766704022331397,
        2.2452307877766935,
        1.7010893161344158,
        1.3588853898220934,
        1.5918458152990622,
        1.9843776421303378,
        1.6101781714740875,
        1.8883495419104293,
        2.118672660780222,
        1.9045871313470084
      ],
      "val_acc": [
        0.2554545454545455,
        0.4354545454545455,
        0.5154545454545455,
        0.5272727272727272,
        0.5045454545454545,
        0.6354545454545455,
        0.5772727272727273,
        0.6127272727272728,
        0.5609090909090909,
        0.5463636363636364,
        0.45272727272727276,
        0.55,
        0.630909090909091,
        0.5681818181818182,
        0.6254545454545455,
        0.6236363636363637,
        0.6509090909090909,
        0.610909090909091,
        0.5654545454545454,
        0.6718181818181819,
        0.6954545454545454,
        0.7072727272727274,
        0.6727272727272726,
        0.7109090909090909,
        0.7090909090909091,
        0.6418181818181818
      ]
    },
    "best_val_acc": 0.7109090909090909,
    "start_time": "2025-11-23T01:52:55.930749",
    "end_time": "2025-11-23T02:10:10.703509",
    "error": null,
    "model_path": "/app/results/checkpoints/pointnet/model_best.pth"
  },
  "dc39fb09-7dfa-4687-8744-047d06c62868": {
    "job_id": "dc39fb09-7dfa-4687-8744-047d06c62868",
    "model_type": "pointnet",
    "status": "completed",
    "progress": 100.0,
    "current_epoch": 1,
    "total_epochs": 120,
    "metrics": {
      "train_loss": [
        1.7869043605915014
      ],
      "train_acc": [
        0.3226086956521739
      ],
      "val_loss": [
        1.244365551309152
      ],
      "val_acc": [
        0.500909090909091
      ]
    },
    "best_val_acc": 0.500909090909091,
    "start_time": "2025-11-23T02:14:44.534982",
    "end_time": "2025-11-23T02:16:26.815212",
    "error": null,
    "model_path": "/app/results/checkpoints/pointnet/model_best.pth"
  },
  "7f33e5b4-c249-481d-9964-73b7bdf6c3ae": {
    "job_id": "7f33e5b4-c249-481d-9964-73b7bdf6c3ae",
    "model_type": "pointnet",
    "status": "running",
    "progress": 2.5,
    "current_epoch": 3,
    "total_epochs": 120,
    "metrics": {
      "train_loss": [
        0.8108206400302825,
        0.14367309218289814,
        0.10109849652939441
      ],
      "train_acc": [
        0.7042028985507247,
        0.9579710144927536,
        0.9692753623188406
      ],